frame_executive,execute_block(true),528465899
frame_executive,execute_block(true),514070240
frame_executive,execute_block(true),503875952
frame_executive,execute_block(true),513812886
frame_executive,execute_block(true),519077138
frame_executive,execute_block(true),542009606
frame_executive,execute_block(true),516023120
frame_executive,execute_block(true),525174831
frame_executive,execute_block(true),528204729
frame_executive,execute_block(true),541612235
frame_executive,execute_block(true),518061347
frame_executive,execute_block(true),510499655
frame_executive,execute_block(true),511315360
frame_executive,execute_block(true),518932815
frame_executive,execute_block(true),520561003
frame_executive,execute_block(true),557307422
frame_executive,execute_block(true),520290819
frame_executive,execute_block(true),536601676
frame_executive,execute_block(true),565558889
frame_executive,execute_block(true),596285656
frame_executive,execute_block(true),569233530
frame_executive,execute_block(true),567704374
frame_executive,execute_block(true),546655981
frame_executive,execute_block(true),547441371
frame_executive,execute_block(true),528536253
frame_executive,execute_block(true),560324979
frame_executive,execute_block(true),520523581
frame_executive,execute_block(true),520723013
frame_executive,execute_block(true),523331336
frame_executive,execute_block(true),568624877
frame_executive,execute_block(true),548941967
frame_executive,execute_block(true),533848928
frame_executive,execute_block(true),524438753
frame_executive,execute_block(true),534016344
frame_executive,execute_block(true),521153003
frame_executive,execute_block(true),518387783
frame_executive,execute_block(true),520077709
frame_executive,execute_block(true),518532337
frame_executive,execute_block(true),528957255
frame_executive,execute_block(true),530525615
frame_executive,execute_block(true),527112700
frame_executive,execute_block(true),524290613
frame_executive,execute_block(true),524010024
frame_executive,execute_block(true),544729220
frame_executive,execute_block(true),514154523
frame_executive,execute_block(true),554832350
frame_executive,execute_block(true),556500946
frame_executive,execute_block(true),543030652
frame_executive,execute_block(true),538721106
frame_executive,execute_block(true),542763007
